,Title,Artist
1,The Box,Roddy Ricch
2,Life Is Good,Future Featuring Drake
3,Circles,Post Malone
4,Memories,Maroon 5
5,Dance Monkey,Tones And I
6,Don't Start Now,Dua Lipa
7,Roxanne,Arizona Zervas
8,Someone You Loved,Lewis Capaldi
9,"10,000 Hours",Dan + Shay & Justin Bieber
10,everything i wanted,Billie Eilish
11,Intentions,Justin Bieber Featuring Quavo
12,Blinding Lights,The Weeknd
13,Lose You To Love Me,Selena Gomez
14,Ballin',Mustard & Roddy Ricch
15,BOP,DaBaby
16,Hot Girl Bummer,blackbear
17,Heartless,The Weeknd
18,The Bones,Maren Morris
19,Yummy,Justin Bieber
20,Good As Hell,Lizzo
21,High Fashion,Roddy Ricch Featuring Mustard
22,Adore You,Harry Styles
23,Yikes,Nicki Minaj
24,Woah,Lil Baby
25,Falling,Trevor Daniel
26,My Oh My,Camila Cabello Featuring DaBaby
27,No Guidance,Chris Brown Featuring Drake
28,Godzilla,Eminem Featuring Juice WRLD
29,Bad Guy,Billie Eilish
30,HIGHEST IN THE ROOM,Travis Scott
31,You should be sad,Halsey
32,What A Man Gotta Do,Jonas Brothers
33,Senorita,Shawn Mendes & Camila Cabello
34,Kinfolks,Sam Hunt
35,Trampoline,SHAED
36,RITMO (Bad Boys For Life),The Black Eyed Peas X J Balvin
37,Sucker,Jonas Brothers
38,One Man Band,Old Dominion
39,Only Human,Jonas Brothers
40,I Don't Care,Ed Sheeran & Justin Bieber
41,Truth Hurts,Lizzo
42,Tusa,Karol G & Nicki Minaj
43,Juicy,Doja Cat & Tyga
44,Suicidal,YNW Melly
45,Homesick,Kane Brown
46,Hot,Young Thug Featuring Gunna
47,Even Though I'm Leaving,Luke Combs
48,I Hope,Gabby Barrett
49,Sum 2 Prove,Lil Baby
50,South Of The Border,Ed Sheeran Featuring Camila Cabello & Cardi B
51,Bandit,Juice WRLD & YoungBoy Never Broke Again
52,Heartache Medication,Jon Pardi
53,Make Me Want To,Jimmie Allen
54,BEST ON EARTH,Russ & BIA
55,Heart On Ice,Rod Wave
56,Slide,H.E.R. Featuring YG
57,Know Your Worth,Khalid x Disclosure
58,Say So,Doja Cat
59,OUT WEST,JACKBOYS Featuring Young Thug
60,Nobody But You,Blake Shelton Duet With Gwen Stefani
61,I Do It,Lil Wayne Featuring Big Sean & Lil Baby
62,Blueberry Faygo,Lil Mosey
63,TOES,DaBaby Featuring Lil Baby & Moneybagg Yo
64,What She Wants Tonight,Luke Bryan
65,VIBEZ,DaBaby
66,I Wish Grandpas Never Died,Riley Green
67,More Hearts Than Mine,Ingrid Andress
68,Run,Joji
69,We Back,Jason Aldean
70,P*$$y Fairy (OTW),Jhene Aiko
71,Before You Go,Lewis Capaldi
72,B.I.T.C.H.,Megan Thee Stallion
73,Rodeo,Lil Nas X & Cardi B Or Nas
74,Homemade,Jake Owen
75,Slow Dance In A Parking Lot,Jordan Davis
76,I Hope You're Happy Now,Carly Pearce & Lee Brice
77,Ridin' Roads,Dustin Lynch
78,Make No Sense,YoungBoy Never Broke Again
79,Loyal,PARTYNEXTDOOR Featuring Drake
80,Chasin' You,Morgan Wallen
81,SUGAR,BrockHampton
82,KEII,Anuel AA
83,Futsal Shuffle 2020,Lil Uzi Vert
84,Dive Bar,Garth Brooks & Blake Shelton
85,homecoming queen?,Kelsea Ballerini
86,Rare,Selena Gomez
87,No Idea,Don Toliver
88,Come Thru,Summer Walker & Usher
89,Believe,Meek Mill Featuring Justin Timberlake
90,Vete,Bad Bunny
91,Catch,Brett Young
92,Into The Unknown,Idina Menzel & AURORA
93,Start Wit Me,Roddy Ricch & Gunna
94,Easy,DaniLeigh Featuring Chris Brown
95,WHATS POPPIN,Jack Harlow
96,No Judgement,Niall Horan
97,Jerry Sprunger,Tory Lanez & T-Pain
98,King Of My City,A Boogie Wit da Hoodie
99,ORANGE SODA,Baby Keem
100,Only The Young,Taylor Swift
101,Anyone,Demi Lovato
102,Physical,Dua Lipa
103,Mahogany,Lil Wayne
104,Letter To Nipsey,Meek Mill Featuring Roddy Ricch
105,Good News,Mac Miller
106,Mama Mia,Lil Wayne
107,Funeral,Lil Wayne
108,Nice To Meet Ya,Meghan Trainor Featuring Nicki Minaj
109,Get Me,Justin Bieber Featuring Kehlani
110,U Played,MoneyBagg Yo Featuring Lil Baby
111,Camelot,NLE Choppa
112,Panini,Lil Nas X
113,Graveyard,Halsey
114,Blue World,Mac Miller
115,Those Kinda Nights,Eminem Featuring Ed Sheeran
116,Darkness,Eminem
117,Underdog,Alicia Keys
118,First Man,Camila Cabello
119,What If I Told You That I Love You,Ali Gatie
120,Unaccommodating,Eminem Featuring Young M.A
121,July,Noah Cyrus Featuring Leon Bridges
122,You Gon' Learn,"Eminem Featuring Royce da 5'9"" & White Gold"
123,Black Swan,BTS
124,Leaving Heaven,Eminem Featuring Skylar Grey
125,Complicated,Mac Miller
126,Hand Me Downs,Mac Miller
127,Premonition (Intro),Eminem
128,I Can See,Mac Miller
129,In Too Deep,Eminem
130,Woods,Mac Miller
131,Everybody,Mac Miller
132,Marsh,Eminem
133,No Regrets,Eminem Featuring Don Toliver
134,Lock It Up,Eminem Featuring Anderson .Paak
135,Surf,Mac Miller
136,Stepdad,Eminem
137,Take What You Want,Post Malone Featuring Ozzy Osbourne & Travis Scott
138,That's On Me,Mac Miller
139,On Chill,Wale Featuring Jeremih
140,Talk,Khalid
141,What If I Never Get Over You,Lady Antebellum
142,Lover,Taylor Swift
143,Playing Games,Summer Walker
144,Heat,Chris Brown Featuring Gunna
145,Remember You Young,Thomas Rhett
146,Tip Toe,Roddy Ricch Featuring A Boogie Wit da Hoodie
147,Eleven,Khalid
148,All Dat,Moneybagg Yo X Megan Thee Stallion
149,Leave Em Alone,"Layton Greene, Lil Baby, City Girls & PnB Rock"
150,Conversations In The Dark,John Legend
151,Protect da Brand,Moneybagg Yo Featuring DaBaby
152,Look At Her Now.,Selena Gomez
153,Watermelon Sugar,Harry Styles
154,Peta,Roddy Ricch Featuring Meek Mill
155,223's,YNW Melly & 9lokknine
156,All I Want,Olivia Rodrigo
157,Beautiful People,Ed Sheeran Featuring Khalid
158,Old Town Road,Lil Nas X Featuring Billy Ray Cyrus
159,Suge,DaBaby
160,GANG GANG,JACKBOYS & Sheck Wes
161,HAD ENOUGH,Don Toliver Featuring Quavo & Offset
162,Enemies,Post Malone Featuring DaBaby
163,20/20,Lil Tjay
164,WHAT TO DO?,JACKBOYS Featuring Don Toliver
165,Ran$om,Lil Tecca
166,Baby,Lil Baby & DaBaby
167,GATTI,"JACKBOYS, Pop Smoke & Travis Scott"
168,Slow Dancing In The Dark,Joji
169,Death,Trippie Redd Featuring DaBaby
170,Yellow Hearts,Ant Saunders
171,Let Me Know (I Wonder Why Freestyle),Juice WRLD
172,Loco Contigo,"DJ Snake, J. Balvin & Tyga"
173,Candy,Doja Cat
174,China,"Anuel AA, Daddy Yankee, Karol G, Ozuna & J Balvin"
175,All I Want For Christmas Is You,Mariah Carey
176,Rockin' Around The Christmas Tree,Brenda Lee
177,Jingle Bell Rock,Bobby Helms
178,A Holly Jolly Christmas,Burl Ives
179,It's The Most Wonderful Time Of The Year,Andy Williams
180,Last Christmas,Wham!
181,Feliz Navidad,Jose Feliciano
182,"Let It Snow, Let It Snow, Let It Snow",Dean Martin
183,The Christmas Song (Merry Christmas To You),Nat King Cole
184,Sleigh Ride,The Ronettes
185,Rudolph The Red-Nosed Reindeer,Gene Autry
186,Happy Holiday / The Holiday Season,Andy Williams
187,It's Beginning To Look A Lot Like Christmas,Perry Como And The Fontane Sisters With Mitchell Ayres And His Orchestra
188,Christmas (Baby Please Come Home),Darlene Love
189,Underneath The Tree,Kelly Clarkson
190,Here Comes Santa Claus (Right Down Santa Claus Lane),Gene Autry
191,Run Rudolph Run,Chuck Berry
192,(There's No Place Like) Home For The Holidays,Perry Como
193,Blue Christmas,Elvis Presley
194,White Christmas,Bing Crosby
195,Jingle Bells,Frank Sinatra
196,Like It's Christmas,Jonas Brothers
197,Baby It's Cold Outside,Dean Martin
198,"You're A Mean One, Mr. Grinch",Thurl Ravenscroft
199,Happy Xmas (War Is Over),John Legend
200,Hate Me,Ellie Goulding & Juice WRLD
201,Baby Sitter,DaBaby Featuring Offset
202,Lucid Dreams,Juice WRLD
203,Lights Up,Harry Styles
204,Dirty Iyanna,YoungBoy Never Broke Again
205,Famous Hoes,NLE Choppa
206,Cherry,Harry Styles
207,Golden,Harry Styles
208,Prayed For You,Matt Stell
209,She,Harry Styles
210,6 Kiss,Trippie Redd Featuring Juice WRLD & YNW Melly
211,Legends,Juice WRLD
212,Robbery,Juice WRLD
213,Christmas Tree Farm,Taylor Swift
214,Bad Vibes Forever,XXXTENTACION Featuring PnB Rock & Trippie Redd
215,Empty,Juice WRLD
216,Show Yourself,Idina Menzel & Evan Rachel Wood
217,We Were,Keith Urban
218,Lord Above,Fat Joe & Dre Featuring Eminem & Mary J. Blige
219,Big Stepper,Roddy Ricch
220,Cuban Links,Rod Wave & Kevin Gates
221,How Do You Sleep?,Sam Smith
222,Time,NF
223,All The Good Girls Go To Hell,Billie Eilish
224,Who Needs Love,Trippie Redd
225,Follow God,Kanye West
226,F.N,Lil Tjay
227,La Cancion,J Balvin & Bad Bunny
228,Goodbyes,Post Malone Featuring Young Thug
229,One Thing Right,Marshmello & Kane Brown
230,Love Me More,Trippie Redd
231,Lalala,Y2K & bbno$
232,Reply,A Boogie Wit da Hoodie Featuring Lil Uzi Vert
233,Tip Of My Tongue,Kenny Chesney
234,None Of Your Concern,Jhene Aiko Featuring Big Sean
235,Good Vibes,Chris Janson
236,Hot Girl Summer,"Megan Thee Stallion, Nicki Minaj & Ty Dolla $ign"
237,Lonely Child,YoungBoy Never Broke Again
238,Money In The Grave,Drake Featuring Rick Ross
239,Dancing With A Stranger,Sam Smith & Normani
240,The Take,Tory Lanez Featuring Chris Brown
241,Liar,Camila Cabello
242,Every Little Thing,Russell Dickerson
243,I Don't Know About You,Chris Lane
244,Stuck In A Dream,Lil Mosey x Gunna
245,Beauty In The Benz,Tory Lanez Featuring Snoop Dogg
246,Up All Night,Khalid
247,Self Control,YoungBoy Never Broke Again
248,Hot Shower,Chance The Rapper Featuring MadeinTYO & DaBaby
249,Hell Right,Blake Shelton Featuring Trace Adkins
250,My Type,Saweetie
251,Better Together,Luke Combs
252,It All Comes Out In The Wash,Miranda Lambert
253,Hot Now,YoungBoy Never Broke Again
254,Show Me Love,Alicia Keys Featuring Miguel
255,Valentino,24kGoldn
256,What Happens In A Small Town,Brantley Gilbert + Lindsay Ell
257,Living,Dierks Bentley
258,Somebody,"Internet Money, Lil Tecca & A Boogie Wit da Hoodie"
259,Immortal,21 Savage
260,You Need To Calm Down,Taylor Swift
261,Cash Shit,Megan Thee Stallion Featuring DaBaby
262,Closed On Sunday,Kanye West
263,In My Room,Frank Ocean
264,Love You Too Late,Cole Swindell
265,For My Daughter,Kane Brown
266,Selah,Kanye West
267,On God,Kanye West
268,Higher Love,Kygo X Whitney Houston
269,Big Boy Diamonds,Gucci Mane Featuring Kodak Black & London On Da Track
270,Everything We Need,Kanye West Featuring Ty Dolla $ign & Ant Clemons
271,God Is,Kanye West
272,Use This Gospel,Kanye West Featuring Clipse & Kenny G
273,Thriller,Michael Jackson
274,Every Hour,Kanye West Featuring Sunday Service Choir
275,Water,Kanye West Featuring Ant Clemons
276,Hands On,Kanye West Featuring Fred Hammond
277,Jesus Is Lord,Kanye West
278,INTRO,DaBaby
279,Don't Call Me Angel (Charlie's Angels),"Ariana Grande, Miley Cyrus & Lana Del Rey"
280,Sunflower (Spider-Man: Into The Spider-Verse),Post Malone & Swae Lee
281,Wow.,Post Malone
282,The Git Up,Blanco Brown
283,Motivation,Normani
284,Make It Right,BTS Featuring Lauv
285,Rich As Hell,YoungBoy Never Broke Again
286,Otro Trago,"Sech, Darell, Nicky Jam, Ozuna & Anuel AA"
287,In Control,YoungBoy Never Broke Again
288,Callaita,Bad Bunny & Tainy
289,Carter Son,YoungBoy Never Broke Again
290,I'll Kill You,Summer Walker Featuring Jhene Aiko
291,DHL,Frank Ocean
292,Boyfriend,Ariana Grande & Social House
293,Wish Wish,DJ Khaled Featuring Cardi B & 21 Savage
294,Time I'm On,YoungBoy Never Broke Again
295,Saint-Tropez,Post Malone
296,Writing On The Wall,"French Montana Featuring Post Malone, Cardi B & Rvssian"
297,Hollywood's Bleeding,Post Malone
298,Bad Bad Bad,Young Thug Featuring Lil Baby
299,If I Can't Have You,Shawn Mendes
300,The London,"Young Thug, J. Cole & Travis Scott"
301,Stretch You Out,Summer Walker Featuring A Boogie Wit da Hoodie
302,Body,Summer Walker
303,Drunk Dialing...LODT,Summer Walker
304,Over It,Summer Walker
305,Southbound,Carrie Underwood
306,RAW SHIT,DaBaby Featuring Migos
307,Potential,Summer Walker
308,Right Back,Khalid Featuring A Boogie Wit da Hoodie
309,Die For Me,Post Malone Featuring Future & Halsey
310,POP STAR,DaBaby Featuring Kevin Gates
311,No Me Conoce,"Jhay Cortez, J Balvin & Bad Bunny"
312,Without Me,Halsey
313,iPHONE,DaBaby & Nicki Minaj
314,OFF THE RIP,DaBaby
315,GOSPEL,"DaBaby Featuring Chance The Rapper, Gucci Mane & YK Osiris"
316,REALLY,DaBaby Featuring Stunna 4 Vegas
317,XXL,DaBaby
318,PROLLY HEARD,DaBaby
319,Chicken Noodle Soup,j-hope Featuring Becky G.
320,By My Lonely,Kevin Gates
321,On The Road,Post Malone Featuring Meek Mill & Lil Baby
322,There He Go,DaBaby
323,The Ones That Didn't Make It Back Home,Justin Moore
324,Adicto,"Tainy, Anuel AA & Ozuna"
325,Did It Again,Lil Tecca
326,Pop Out,Polo G Featuring Lil Tjay
327,Beer Never Broke My Heart,Luke Combs
328,Speechless,Dan + Shay
329,Knockin' Boots,Luke Bryan
330,Behind Barz,Drake
331,A Thousand Bad Times,Post Malone
332,It's You,Ali Gatie
333,Slide Away,Miley Cyrus
334,Shameless,Camila Cabello
335,Queen Of Mean,Sarah Jeffery
336,Rearview Town,Jason Aldean
337,Staring At The Sun,Post Malone Featuring SZA
338,I'm Gonna Be,Post Malone
339,Mood Swings,A Boogie Wit da Hoodie
340,All To Myself,Dan + Shay
341,Allergic,Post Malone
342,Press,Cardi B
343,"1, 2 Many",Luke Combs & Brooks & Dunn
344,"Hey Look Ma, I Made It",Panic! At The Disco
345,Myself,Post Malone
346,I Know,Post Malone
347,Internet,Post Malone
348,Buy My Own Drinks,Runaway June
349,Easier,5 Seconds Of Summer
350,Baguettes In The Face,"Mustard featuring NAV, Playboi Carti & A Boogie Wit da Hoodie"
351,The Man,Taylor Swift
352,Go Loko,"YG, Tyga & Jon Z"
353,Doin' Time,Lana Del Rey
354,7 Rings,Ariana Grande
355,Whiskey Glasses,Morgan Wallen
356,God's Country,Blake Shelton
357,Shotta Flow,NLE Choppa
358,ME!,Taylor Swift Featuring Brendon Urie
359,Babushka Boi,A$AP Rocky
360,Cruel Summer,Taylor Swift
361,I Forgot That You Existed,Taylor Swift
362,Call You Mine,The Chainsmokers & Bebe Rexha
363,Out Of Luck,Lil Tecca
364,Shots,Lil Tecca
365,Juice,Lizzo
366,Bezerk,Big Sean Featuring A$AP Ferg & Hit-Boy
367,God Only Knows,for KING & COUNTRY
368,Love Me,Lil Tecca
369,Soltera,"Lunay, Daddy Yankee & Bad Bunny"
370,The Archer,Taylor Swift
371,Paper Rings,Taylor Swift
372,Miss Americana & The Heartbreak Prince,Taylor Swift
373,I Think He Knows,Taylor Swift
374,Cornelia Street,Taylor Swift
375,London Boy,Taylor Swift
376,Soon You'll Get Better,Taylor Swift Featuring Dixie Chicks
377,Death By A Thousand Cuts,Taylor Swift
378,Afterglow,Taylor Swift
379,False God,Taylor Swift
380,Daylight,Taylor Swift
381,Raised On Country,Chris Young
382,It's Nice To Have A Friend,Taylor Swift
383,Never Really Over,Katy Perry
384,Earfquake,"Tyler, The Creator"
385,Clout,Offset Featuring Cardi B
386,What's The Move,Young Thug Featuring Lil Uzi Vert
387,Just How It Is,Young Thug
388,Sup Mate,Young Thug Featuring Future
389,Won't Be Late,Swae Lee Featuring Drake
390,Light It Up,Young Thug
391,Lil Baby,Young Thug
392,Mac 10,Trippie Redd Featuring Lil Baby & Lil Duke
393,Some Of It,Eric Church
394,Ecstasy,Young Thug Featuring Machine Gun Kelly
395,Uno,Ambjaay
396,Daddy,Blueface & Rich The Kid
397,Takeaway,The Chainsmokers & Illenium Featuring Lennon Stella
398,Happier,Marshmello & Bastille
399,Sweet But Psycho,Ava Max
400,Better,Khalid
401,Going Bad,Meek Mill Featuring Drake
402,Talk You Out Of It,Florida Georgia Line
403,Gold Roses,Rick Ross Featuring Drake
404,Just Us,DJ Khaled Featuring SZA
405,Small Talk,Katy Perry
406,Night Falls,"Dove Cameron, Sofia Carson, Booboo Stewart, Cameron Boyce, Thomas Doherty, China Anne McClain & Dylan Playfair"
407,Snake Skin,Trippie Redd
408,24/7,Meek Mill Featuring Ella Mai
409,Love Ain't,Eli Young Band
410,Sanguine Paradise,Lil Uzi Vert
411,Tap,NAV Featuring Meek Mill
412,La La Land,Bryce Vine Featuring YG
413,Que Pretendes,J Balvin & Bad Bunny
414,Single Again,Big Sean
415,Worth It,YK Osiris
416,Shallow,Lady Gaga & Bradley Cooper
417,Trust Issues,Drake
418,How About Now,Drake
419,The Motion,Drake
420,Dreams Money Can Buy,Drake
421,Club Paradise,Drake
422,Antisocial,Ed Sheeran & Travis Scott
423,Fear Inoculum,Tool
424,Days In The East,Drake
425,Before I Let Go,Beyonce
426,High Hopes,Panic! At The Disco
427,Sicko Mode,Travis Scott
428,Cross Me,Ed Sheeran Featuring Chance The Rapper & PnB Rock
429,Leave Me Alone,NF
430,The Search,NF
431,MEGATRON,Nicki Minaj
432,All Day Long,Chance The Rapper Featuring John Legend
433,Do You Remember,Chance The Rapper Featuring Death Cab For Cutie
434,Calma,Pedro Capo X Farruko
435,Cool,Jonas Brothers
436,Nightmare,Halsey
437,Rumor,Lee Brice
438,Act Up,City Girls
439,GIRL,Maren Morris
440,Con Calma,Daddy Yankee & Katy Perry Featuring Snow
441,Middle Child,J. Cole
442,Brown Skin Girl,"Beyonce, SAINt JHN & Wizkid Featuring Blue Ivy Carter"
443,Under The Sun,"Dreamville Featuring J. Cole, Lute & DaBaby"
444,Mood 4 Eva,"Beyonce, JAY-Z & Childish Gambino Featuring Oumou Sangare"
445,Pure Water,Mustard & Migos
446,Remember The Name,Ed Sheeran Featuring Eminem & 50 Cent
447,Walk Me Home,P!nk
448,Look What God Gave Her,Thomas Rhett
449,BLOW,Ed Sheeran With Chris Stapleton & Bruno Mars
450,Like A Rodeo,Kane Brown
451,Spirit,Beyonce
452,Best Part Of Me,Ed Sheeran Featuring YEBBA
453,Wake Up,Travis Scott
454,Eastside,"benny blanco, Halsey & Khalid"
455,Look Back At It,A Boogie Wit da Hoodie
456,Down Bad,"Dreamville Featuring JID, Bas, J. Cole, EARTHGANG & Young Nudy"
457,Good As You,Kane Brown
458,Costa Rica,"Dreamville Featuring Bas, JID, Guapdad 4000, Reese LAFLARE, Jace, Mez, Smokepurpp, Buddy & Ski Mask The Slump God"
459,Out The Mud,Lil Baby Featuring Future
460,Girls Need Love,Summer Walker X Drake
461,Mother's Daughter,Miley Cyrus
462,Ocean Eyes,Billie Eilish
463,Don't Check On Me,Chris Brown Featuring Justin Bieber & Ink
464,Homicide,Logic Featuring Eminem
465,Please Me,Cardi B & Bruno Mars
466,When I Grow Up,NF
467,Eyes On You,Chase Rice
468,Bacc At It Again,"Yella Beezy, Gucci Mane & Quavo"
469,"Break Up With Your Girlfriend, I'm Bored",Ariana Grande
470,Here With Me,Marshmello Featuring CHVRCHES
471,Love Someone,Brett Eldredge
472,Big Ole Freak,Megan Thee Stallion
473,You Stay,"DJ Khaled Featuring Meek Mill, J Balvin, Lil Baby & Jeremih"
474,Baila Baila Baila,Ozuna x Daddy Yankee x J Balvin x Farruko x Anuel AA
475,Omerta,Drake
476,Summer Days,Martin Garrix Featuring Macklemore & Patrick Stump
477,When The Party's Over,Billie Eilish
478,Envy Me,Calboy
479,Miss Me More,Kelsea Ballerini
480,Sanctuary,Joji
481,Rescue Me,Marshmello Featuring A Day To Remember
482,Te Robare,Nicky Jam X Ozuna
483,Racks In The Middle,Nipsey Hussle Featuring Roddy Ricch & Hit-Boy
484,Beautiful Crazy,Luke Combs
485,Close Friends,Lil Baby
486,Bury A Friend,Billie Eilish
487,Put A Date On It,Yo Gotti Featuring Lil Baby
488,Heaven,Avicii
489,Please Tell Me,Future
490,On My Way To You,Cody Johnson
491,Amor Genuino,Ozuna
492,XanaX Damage,Future
493,Government Official,Future
494,Murder On My Mind,YNW Melly
495,Isis,Joyner Lucas Featuring Logic
496,Boy With Luv,BTS Featuring Halsey
497,Shut Up About Politics,John Rich Featuring The Five
498,Under Enemy Arms,Trippie Redd
499,Night Shift,Jon Pardi
500,A Lot,21 Savage
501,Thotiana,Blueface
502,Higher,DJ Khaled Featuring Nipsey Hussle & John Legend
503,Who Do You Love,The Chainsmokers Featuring 5 Seconds Of Summer
504,Don't Call Me Up,Mabel
505,Earth,Lil Dicky
506,HP,Maluma
507,Mixed Personalities,YNW Melly Featuring Kanye West
508,Paradise,Bazzi
509,Triggered,Jhene Aiko
510,Girls Like You,Maroon 5 Featuring Cardi B
511,I Think,"Tyler, The Creator"
512,Celebrate,DJ Khaled Featuring Travis Scott & Post Malone
513,Jealous,"DJ Khaled Featuring Chris Brown, Lil Wayne & Big Sean"
514,Running Out Of Time,"Tyler, The Creator"
515,Igor's Theme,"Tyler, The Creator"
516,New Magic Wand,"Tyler, The Creator"
517,A Boy Is A Gun,"Tyler, The Creator"
518,What's Good,"Tyler, The Creator"
519,Puppet,"Tyler, The Creator"
520,Weather The Storm,DJ Khaled Featuring Meek Mill & Lil Baby
521,Here Tonight,Brett Young
522,Be Alright,Dean Lewis
523,Drip Too Hard,Lil Baby & Gunna
524,"Thank U, Next",Ariana Grande
525,Baby Shark,Pinkfong
526,Make It Sweet,Old Dominion
527,Shot Clock,Ella Mai
528,I'm So Tired...,Lauv & Troye Sivan
529,You Should See Me In A Crown,Billie Eilish
530,SOS,Avicii Featuring Aloe Blacc
531,Wish You Were Gay,Billie Eilish
532,That's A Rack,Lil Uzi Vert
533,Rule The World,2 Chainz Featuring Ariana Grande
534,Die Young,Roddy Ricch
535,Close To Me,Ellie Goulding X Diplo Featuring Swae Lee
536,You Say,Lauren Daigle
537,Swervin,A Boogie Wit da Hoodie Featuring 6ix9ine
538,Power Is Power,"SZA, The Weeknd & Travis Scott"
539,I've Been Waiting,Lil Peep & iLoveMakonnen Featuring Fall Out Boy
540,Secreto,Anuel AA & Karol G
541,Faucet Failure,Ski Mask The Slump God
542,Youngblood,5 Seconds Of Summer
543,Floating,ScHoolboy Q Featuring 21 Savage
544,CHopstix,ScHoolboy Q + Travis Scott
545,Numb Numb Juice,ScHoolboy Q
546,Love Me Anyway,P!nk Featuring Chris Stapleton
547,Stop Snitching,YG
548,Kill This Love,BLACKPINK
549,Better Now,Post Malone
550,Bad Liar,Imagine Dragons
551,Saturday Nights,Khalid & Kane Brown
552,Pure Cocaine,Lil Baby
553,This Is It,Scotty McCreery
554,My Strange Addiction,Billie Eilish
555,Let Me Down Slowly,Alec Benjamin + Alessia Cara
556,Xanny,Billie Eilish
557,One That Got Away,Michael Ray
558,MIA,Bad Bunny Featuring Drake
559,Tequila,Dan + Shay
560,Money,Cardi B
561,Blue On Black,"Five Finger Death Punch Featuring Kenny Wayne Shepherd, Brantley Gilbert & Brian May"
562,Double Up,Nipsey Hussle Featuring Belly & DOM KENNEDY
563,Undrunk,FLETCHER
564,Last Time That I Checc'd,Nipsey Hussle Featuring YG
565,There Was This Girl,Riley Green
566,My Bad,Khalid
567,Outta My Head,Khalid With John Mayer
568,Monopoly,Ariana Grande & Victoria Monet
569,Don't Pretend,Khalid x SAFE
570,Bad Luck,Khalid
571,Inmortal,Aventura
572,Dedication,Nipsey Hussle Featuring Kendrick Lamar
573,Victory Lap,Nipsey Hussle Featuring Stacy Barthe
574,ZEZE,Kodak Black Featuring Travis Scott & Offset
575,I Love You,Billie Eilish
576,Ilomilo,Billie Eilish
577,Listen Before I Go,Billie Eilish
578,8,Billie Eilish
579,Twerk,City Girls Featuring Cardi B
580,Lovely,Billie Eilish & Khalid
581,I Can't Get Enough,"benny blanco, Tainy, Selena Gomez & J Balvin"
582,Millionaire,Chris Stapleton
583,Girl Like You,Jason Aldean
584,I Like It,"Cardi B, Bad Bunny & J Balvin"
585,Taki Taki,"DJ Snake Featuring Selena Gomez, Ozuna & Cardi B"
586,Down To The Honkytonk,Jake Owen
587,Price On My Head,NAV Featuring The Weeknd
588,Confessions Of A Dangerous Mind,Logic
589,Take It From Me,Jordan Davis
590,Splashin,Rich The Kid
591,I,Lil Skies
592,Hear Me Calling,Juice WRLD
593,Undecided,Chris Brown
594,Calling My Spirit,Kodak Black
595,Last Hurrah,Bebe Rexha
596,Love Wins,Carrie Underwood
597,Sally Walker,Iggy Azalea
598,Ella Quiere Beber,Anuel AA & Romeo Santos
599,Fast,Juice WRLD
600,Wake Up In The Sky,Gucci Mane X Bruno Mars X Kodak Black
601,Maze,Juice WRLD
602,What Makes You Country,Luke Bryan
603,Flaws And Sins,Juice WRLD
604,Nights Like This,Kehlani Featuring Ty Dolla $ign
605,Always Remember Us This Way,Lady Gaga
606,Mo Bamba,Sheck Wes
607,Burn Out,Midland
608,Red Room,Offset
609,Whip,2 Chainz Featuring Travis Scott
610,Armed And Dangerous,Juice WRLD
611,Needy,Ariana Grande
612,Momma I Hit A Lick,2 Chainz Featuring Kendrick Lamar
613,Backin' It Up,Pardison Fontaine Featuring Cardi B
614,Legacy,Offset Featuring Travis Scott & 21 Savage
615,I'll Never Love Again,Lady Gaga
616,How Did I Get Here,Offset Featuring  J. Cole
617,NASA,Ariana Grande
618,Outstanding,Gunna
619,Be Like Me,Lil Pump Featuring Lil Wayne
620,3 Headed Snake,Gunna Featuring Young Thug
621,Wit It,Gunna
622,This Feeling,The Chainsmokers Featuring Kelsea Ballerini
623,One Call,Gunna
624,Nothing Breaks Like A Heart,Mark Ronson Featuring Miley Cyrus
625,Imagine,Ariana Grande
626,Lick,Offset
627,Bad Idea,Ariana Grande
628,Speed It Up,Gunna
629,Bloodline,Ariana Grande
630,I Guess I Just Feel Like,John Mayer
631,Same Yung N***a,Gunna Featuring Playboi Carti
632,Fake Smile,Ariana Grande
633,Lost In The Fire,Gesaffelstein & The Weeknd
634,Ghostin,Ariana Grande
635,Sixteen,Thomas Rhett
636,In My Head,Ariana Grande
637,365,Zedd & Katy Perry
638,Yosemite,Travis Scott
639,Make Up,Ariana Grande
640,Good Girl,Dustin Lynch
641,Arms Around You,XXXTENTACION x Lil Pump Featuring Maluma & Swae Lee
642,Startender,A Boogie Wit da Hoodie Featuring Offset & Tyga
643,Uproar,Lil Wayne
644,Burning Man,Dierks Bentley Featuring Brothers Osborne
645,You,Jacquees
646,Ruin My Life,Zara Larsson
647,Talk To Me,Tory Lanez & Rich The Kid
648,Rainbow,Kacey Musgraves
649,Alone,Marshmello
650,Breathin,Ariana Grande
651,Trip,Ella Mai
652,Love Lies,Khalid & Normani
653,Beautiful,Bazzi Featuring Camila Cabello
654,First Off,Future Featuring Travis Scott
655,Roses,benny blanco & Juice WRLD Featuring Brendon Urie
656,Keanu Reeves,Logic
657,No Stylist,French Montana Featuring Drake
658,Crushed Up,Future
659,Best Shot,Jimmie Allen
660,Sauce!,XXXTENTACION
661,BAD!,XXXTENTACION
662,Blue Tacoma,Russell Dickerson
663,Natural,Imagine Dragons
664,Jumpin On A Jet,Future
665,Never Stop,Future
666,Consequences,Camila Cabello
667,Temptation,Future
668,Rocket Ship,Future
669,F&N,Future
670,Electricity,Silk City x Dua Lipa
671,Face My Fears,Hikaru Utada & Skrillex
672,Call The Coroner,Future
673,She Got The Best Of Me,Luke Combs
674,Fine China,Future & Juice WRLD
675,Nuketown,Ski Mask The Slump God Featuring Juice WRLD
676,Space Cadet,Metro Boomin Featuring Gunna
677,Butterfly Doors,Lil Pump
678,Valuable Pain,YoungBoy Never Broke Again
679,Can't Leave Without It,21 Savage
680,Good Form,Nicki Minaj Featuring Lil Wayne
681,idontwannabeyouanymore,Billie Eilish
682,Last Shot,Kip Moore
683,Smile (Living My Best Life),Lil' Duval Featuring Snoop Dogg & Ball Greezy
684,Lost In Japan,Shawn Mendes X Zedd
685,Monster,21 Savage
686,Demons And Angels,A Boogie Wit da Hoodie Featuring Juice WRLD
687,KIKA,6ix9ine Featuring Tory Lanez
688,Dip,Tyga & Nicki Minaj
689,Lucky You,Eminem Featuring Joyner Lucas
690,Drunk Me,Mitchell Tenpenny
691,Dangerous,Meek Mill Featuring Jeremih & PnB Rock
692,Solo de Mi,Bad Bunny
693,whoa (mind in awe),XXXTENTACION
694,All My Friends,21 Savage
695,Cozy Little Christmas,Katy Perry
696,The Christmas Song,Lauren Daigle
697,Break Da Law,21 Savage
698,1.5,21 Savage
699,Out For The Night,21 Savage
700,Gun Smoke,21 Savage
701,ASMR,21 Savage
702,Wonderful Christmastime,Paul McCartney
703,MoshPit,Kodak Black Featuring Juice WRLD
704,Testimony,Kodak Black
705,Gnarly,Kodak Black Featuring Lil Pump
706,Uptown Vibes,Meek Mill Featuring Fabolous & Anuel AA
707,MAMA,6ix9ine Featuring Nicki Minaj & Kanye West
708,Broken,lovelytheband
709,Taste,Tyga Featuring Offset
710,Guardian Angel,XXXTENTACION
711,God Is A Woman,Ariana Grande
712,I Don't Let Go,XXXTENTACION
713,What's Free,Meek Mill Featuring Rick Ross & JAY-Z
714,One Minute,XXXTENTACION Featuring Kanye West & Travis Barker
715,Train Food,XXXTENTACION
716,What Are You So Afraid Of,XXXTENTACION
717,Staring At The Sky,XXXTENTACION
718,Lie,NF
719,WAKA,6ix9ine Featuring A Boogie Wit da Hoodie
720,On Me,Meek Mill Featuring Cardi B
721,Difference (Interlude),XXXTENTACION
722,TIC TOC,6ix9ine Featuring Lil Baby
723,FEFE,6ix9ine Featuring Nicki Minaj & Murda Beatz
724,Intro,Meek Mill
725,Respect The Game,Meek Mill
726,Ring,Cardi B Featuring Kehlani
727,Trauma,Meek Mill
728,Ready,Lil Baby Featuring Gunna
729,Championships,Meek Mill
730,Tic Tac Toe,Meek Mill Featuring Kodak Black
731,Almost Slipped,Meek Mill
732,Splash Warning,"Meek Mill Featuring Future, Roddy Ricch & Young Thug"
733,Pay You Back,Meek Mill Featuring 21 Savage
734,Foot Fungus,Ski Mask The Slump God
735,Crush A Lot,Lil Baby
736,Oodles O' Noodles Babies,Meek Mill
737,STOOPID,6ix9ine Featuring Bobby Shmurda
738,Global,Lil Baby
739,Word On The Street,Lil Baby
740,In My Feelings,Drake
741,Lose It,Kane Brown
742,Yes Indeed,Lil Baby & Drake
743,Nonstop,Drake
744,Boo'd Up,Ella Mai
745,Topanga,Trippie Redd
746,Come Out And Play,Billie Eilish
747,10 Freaky Girls,Metro Boomin Featuring 21 Savage
748,1400 / 999 Freestyle,Trippie Redd Featuring Juice WRLD
749,I'm A Mess,Bebe Rexha
750,Hangin' On,Chris Young
751,Never Recover,Lil Baby & Gunna Featuring Drake
752,BEBE,6ix9ine Featuring Anuel AA
753,Rich,Maren Morris
754,Best Part,Daniel Caesar Featuring H.E.R.
755,Don't Come Out The House,Metro Boomin Featuring 21 Savage
756,I Love It,Kanye West & Lil Pump
757,Falling Down,Lil Peep & XXXTENTACION
758,Noticed,Lil Mosey
759,I Like Me Better,Lauv
760,Psycho,Post Malone Featuring Ty Dolla $ign
761,Sad!,XXXTENTACION
762,Bohemian Rhapsody,Queen
763,Take One,Kodak Black
764,W O R K I N  M E,Quavo
765,Mona Lisa,Lil Wayne Featuring Kendrick Lamar
766,Desperate Man,Eric Church
767,Burn The House Down,AJR
768,Big Bank,"YG Featuring 2 Chainz, Big Sean & Nicki Minaj"
769,Love Scars 3,Trippie Redd
770,Negative Energy,Trippie Redd Featuring Kodie Shane
771,Toxic Waste,Trippie Redd
772,Drew Barrymore,Bryce Vine
773,Jackie Chan,Tiesto & Dzeko Featuring Preme & Post Malone
774,Back To You,Selena Gomez
775,Delicate,Taylor Swift
776,Overdue,Metro Boomin Featuring Travis Scott
777,Last Memory,TakeOff
778,Dreamcatcher,Metro Boomin Featuring Swae Lee & Travis Scott
779,No More,"Metro Boomin Featuring Travis Scott, Kodak Black & 21 Savage"
780,Promises,Calvin Harris & Sam Smith
781,No Brainer,"DJ Khaled Featuring Justin Bieber, Chance The Rapper & Quavo"
782,Hotel Key,Old Dominion
783,Killshot,Eminem
784,Casper,TakeOff
785,Up To Something,Metro Boomin Featuring Travis Scott & Young Thug
786,The Middle,"Zedd, Maren Morris & Grey"
787,Drunk Girl,Chris Janson
788,Waste It On Me,Steve Aoki Featuring BTS
789,A Million Dreams,P!nk
790,Venom,Eminem
791,New Patek,Lil Uzi Vert
792,Break Up In The End,Cole Swindell
793,Kamikaze,Lil Mosey
794,Drowns The Whiskey,Jason Aldean Featuring Miranda Lambert
795,No Tears Left To Cry,Ariana Grande
796,Jet Lag,Future & Juice WRLD Featuring Young Scooter
797,Astronauts,Future & Juice WRLD
798,Suncity,Khalid Featuring Empress Of
799,Vertigo,Khalid
800,Yacht Club,Lil Yachty Featuring Juice WRLD
801,Make It Back,Juice WRLD
802,Kiss And Make Up,Dua Lipa & BLACKPINK
803,Africa,Weezer
804,Get Dripped,Lil Yachty Featuring Playboi Carti
805,Meant To Be,Bebe Rexha & Florida Georgia Line
806,Flip The Switch,Quavo Featuring Drake
807,Simple,Florida Georgia Line
808,Pass Out,Quavo Featuring 21 Savage
809,Medicine,Queen Naija
810,Biggest Alley Oop,Quavo
811,Rerun,Quavo Featuring Travis Scott
812,Don't Cry,Lil Wayne Featuring XXXTENTACION
813,Huncho Dreams,Quavo
814,Chanel (Go Get It),Young Thug Featuring Gunna & Lil Baby
815,Thunderclouds,"Labrinth, Sia & Diplo Present... LSD"
816,"Sunrise, Sunburn, Sunset",Luke Bryan
817,"If I'm Lyin, I'm Flyin",Kodak Black
818,Off White VLONE,Lil Baby & Gunna Featuring Lil Durk & NAV
819,Business Is Business,Lil Baby & Gunna
820,Is That Alright?,Lady Gaga
821,Let It Fly,Lil Wayne Featuring Travis Scott
822,Dedicate,Lil Wayne
823,Jumpsuit,twenty one pilots
824,Belly,Lil Baby & Gunna
825,My Blood,twenty one pilots
826,The Way I Am,Charlie Puth
827,Can't Be Broken,Lil Wayne
828,Maybe It's Time,Bradley Cooper
829,Nico And The Niners,twenty one pilots
830,Deep End,Lil Baby
831,I Am,Lil Baby & Gunna
832,What About Me,Lil Wayne Featuring Sosamann
833,Dark Side Of The Moon,Lil Wayne Featuring Nicki Minaj
834,Famous,Lil Wayne Featuring Reginae Carter
835,Dope N****z,Lil Wayne Featuring Snoop Dogg
836,Open Letter,Lil Wayne
837,Problems,Lil Wayne
838,Hittas,Lil Wayne
839,Open Safe,Lil Wayne
840,Took His Time,Lil Wayne
841,Mess,Lil Wayne
842,Let It All Work Out,Lil Wayne
843,Start This S**t Off Right,Lil Wayne Featuring Ashanti & Mack Maine
844,Used 2,Lil Wayne
845,Rap Devil,Machine Gun Kelly
846,Demon,Lil Wayne
847,Perfect Strangers,Lil Wayne
848,Dope New Gospel,Lil Wayne Featuring Nivea
849,Head Above Water,Avril Lavigne
850,Perfect,Ed Sheeran
851,Nice For What,Drake
852,God's Plan,Drake
853,Barbie Dreams,Nicki Minaj
854,All Girls Are The Same,Juice WRLD
855,Fall,Eminem
856,Life Changes,Thomas Rhett
857,Hooked,Dylan Scott
858,Stargazing,Travis Scott
859,Lean Wit Me,Juice WRLD
860,Self Care,Mac Miller
861,OTW,"Khalid, Ty Dolla $ign & 6LACK"
862,Remind Me To Forget,Kygo Featuring Miguel
863,The Ringer,Eminem
864,Apes**t,The Carters
865,Hopeless Romantic,Wiz Khalifa Featuring Swae Lee
866,Solo,Clean Bandit Featuring Demi Lovato
867,Vaina Loca,Ozuna x Manuel Turizo
868,Pretty Little Fears,6LACK Featuring J. Cole
869,Mercy,Brett Young
870,Side Effects,The Chainsmokers Featuring Emily Warren
871,Cry Pretty,Carrie Underwood
872,Not Alike,Eminem Featuring Royce Da 5'9
873,Mine,Bazzi
874,Te Bote,"Casper Magico, Nio Garcia, Darell, Nicky Jam, Ozuna & Bad Bunny"
875,Hurt Feelings,Mac Miller
876,Greatest,Eminem
877,Come Back To Earth,Mac Miller
878,IDOL,BTS Featuring Nicki Minaj
879,Feels Like Summer,Childish Gambino
880,I'm Upset,Drake
881,Narcos,Migos
882,Normal,Eminem
883,Stepping Stone,Eminem
884,Nice Guy,Eminem & Jessie Reyez
885,Good Guy,Eminem Featuring Jessie Reyez
886,I Am Who They Say I Am,YoungBoy Never Broke Again Featuring Kevin Gates & Quando Rondo
887,1942,G-Eazy Featuring Yo Gotti & YBN Nahmir
888,Summertime Magic,Childish Gambino
889,Friends,Marshmello & Anne-Marie
890,Never Be The Same,Camila Cabello
891,One Kiss,Calvin Harris & Dua Lipa
892,Moonlight,XXXTENTACION
893,Get Along,Kenny Chesney
894,Unica,Ozuna
895,Changes,XXXTENTACION
896,Happy Now,Zedd & Elley Duhe
897,Level Up,Ciara
898,Taking A Walk,Trippie Redd
899,Don't Go Breaking My Heart,Backstreet Boys
900,Mob Ties,Drake
901,Wasted,Juice WRLD Featuring Lil Uzi Vert
902,Sin Pijama,Becky G + Natti Natasha
903,This Is America,Childish Gambino
904,In My Blood,Shawn Mendes
905,Sweetener,Ariana Grande
906,Everytime,Ariana Grande
907,R.E.M,Ariana Grande
908,Kiss Somebody,Morgan Evans
909,Goodnight N Go,Ariana Grande
910,Made For Now,Janet & Daddy Yankee
911,The Light Is Coming,Ariana Grande Featuring Nicki Minaj
912,Bed,Nicki Minaj Featuring Ariana Grande
913,Growing Pains,Alessia Cara
914,Take Back Home Girl,Chris Lane Featuring Tori Kelly
915,Pete Davidson,Ariana Grande
916,Chun-Li,Nicki Minaj
917,Rich Sex,Nicki Minaj Featuring Lil Wayne
918,Majesty,Nicki Minaj Featuring Eminem & Labrinth
919,Ganja Burns,Nicki Minaj
920,Be Careful,Cardi B
921,Stop Trying To Be God,Travis Scott
922,Can't Say,Travis Scott
923,R.I.P Screw,Travis Scott
924,No Bystanders,Travis Scott
925,Carousel,Travis Scott
926,Album Of The Year (Freestyle),J. Cole
927,5% Tint,Travis Scott
928,Have It All,Jason Mraz
929,Nevermind,Dennis Lloyd
930,Thought I Knew You,Nicki Minaj Featuring The Weeknd
931,NC-17,Travis Scott
932,Who? What!,Travis Scott
933,Skeletons,Travis Scott
934,Astrothunder,Travis Scott
935,Butterfly Effect,Travis Scott
936,Houstonfornication,Travis Scott
937,Coffee Bean,Travis Scott
938,Could've Been,H.E.R. Featuring Bryson Tiller
939,Up Down,Morgan Wallen Featuring Florida Georgia Line
940,I Was Jack (You Were Diane),Jake Owen
941,Coming Home,Keith Urban Featuring Julia Michaels
942,Handgun,YG Featuring A$AP Rocky
943,Whatever It Takes,Imagine Dragons
944,Look Alive,BlocBoy JB Featuring Drake
945,Sober,Demi Lovato
946,Sit Next To Me,Foster The People
947,One Number Away,Luke Combs
948,Don't Matter To Me,Drake Featuring Michael Jackson
949,Ocean,TK Kravitz Featuring Jacqueez
950,One Day,Logic Featuring Ryan Tedder
951,Freaky Friday,Lil Dicky Featuring Chris Brown
952,Praise The Lord (Da Shine),A$AP Rocky Featuring Skepta
953,Ball For Me,Post Malone Featuring Nicki Minaj
954,Call Out My Name,The Weeknd
955,All Mine,Kanye West
956,Karma,Queen Naija
957,X,Nicky Jam x J Balvin
958,I Might Need Security,Chance The Rapper
959,Emotionless,Drake
960,Can't Take A Joke,Drake
961,Elevate,Drake
962,Fr Fr,Wiz Khalifa Featuring Lil Skies
963,Blue Tint,Drake
964,After Dark,Drake Featuring Static Major & Ty Dolla $ign
965,Everything's Gonna Be Alright,David Lee Murphy & Kenny Chesney
966,Zombie,Bad Wolves
967,8 Out Of 10,Drake
968,31 Days,Future
969,Talk Up,Drake Featuring JAY-Z
970,Wifi Lit,Future
971,Jocelyn Flores,XXXTENTACION
972,Sandra's Rose,Drake
973,Summer Games,Drake
974,Jaded,Drake
975,That's How You Feel,Drake
976,Survival,Drake
977,Cuddle My Wrist,Future
978,Millidelphia,Meek Mill Featuring Swizz Beatz
979,Racks Blue,Future
980,Finesse,Drake
981,Drug Addicts,Lil Pump
982,KOD,J. Cole
983,Peak,Drake
984,Kream,Iggy Azalea Feauring Tyga
985,Is There More,Drake
986,Ratchet Happy Birthday,Drake
987,Final Fantasy,Drake
988,March 14,Drake
989,Done For Me,Charlie Puth Featuring Kehlani
990,Esskeetit,Lil Pump
991,Everybody Dies In Their Nightmares,XXXTENTACION
992,Downtown's Dead,Sam Hunt
993,Japan,Famous Dex
994,Me Niego,Reik Featuring Ozuna & Wisin
995,The Remedy For A Broken Heart (Why Am I So In Love),XXXTENTACION
996,I Lived It,Blake Shelton
997,Plug Walk,Rich The Kid
998,Walk It Talk It,Migos Featuring Drake
999,Rockstar,Post Malone Featuring 21 Savage
1000,F**k Love,XXXTENTACION Featuring Trippie Redd
1001,Havana,Camila Cabello Featuring Young Thug
1002,New Rules,Dua Lipa
1003,Wait,Maroon 5
1004,Dura,Daddy Yankee
1005,Bigger > You,"2 Chainz, Drake & Quavo"
1006,Say Amen (Saturday Night),Panic! At The Disco
1007,Hope,XXXTENTACION
1008,TATI,6ix9ine Featuring DJ SPINKING
1009,Fake Love,BTS
1010,I Know You,Lil Skies Featuring Yung Pinch
1011,Numb,XXXTENTACION
1012,Powerglide,Rae Sremmurd & Juicy J
1013,Life Goes On,Lil Baby Featuring Gunna & Lil Uzi Vert
1014,Overdose,YoungBoy Never Broke Again
1015,"Woman, Amen",Dierks Bentley
1016,Born To Be Yours,Kygo & Imagine Dragons
1017,Boss,The Carters
1018,Sativa,Jhene Aiko Featuring Swae Lee Or Rae Sremmurd
